component_id,temperature_c,pressure_bar,vibration_mm_s,cycle_time_seconds,material_density,operator_experience_years,maintenance_days_ago,ambient_humidity,machine_type,shift,material_grade,supplier_region,production_line,is_defective
COMP-0001,78.78,4.098,1.907,43.28,7.907,3.3,,33.1,injection_molder,day,B,south,line_3,0
COMP-0002,72.97,4.802,0.959,50.15,7.725,3.1,29.2,24.5,cnc_mill,day,C,east,line_2,0
COMP-0003,56.02,3.96,0.658,33.16,8.075,4.7,33.4,49.9,laser_cutter,day,A,south,line_1,0
COMP-0004,75.11,6.483,6.19,28.54,7.9,5.6,24.7,93.5,injection_molder,evening,,east,line_2,1
COMP-0005,,5.374,1.569,64.93,7.903,7.9,2.5,69.0,,evening,C,west,line_1,0
COMP-0006,54.19,5.44,0.757,38.58,7.077,1.0,30.4,41.7,laser_cutter,day,B,south,line_3,0
COMP-0007,76.64,6.63,1.458,43.63,8.046,3.3,20.0,56.4,injection_molder,day,B,west,line_2,0
COMP-0008,80.85,6.388,4.042,41.02,7.635,5.4,12.8,60.9,injection_molder,night,B,east,line_1,0
COMP-0009,81.32,5.918,0.987,50.48,7.717,5.2,,29.5,stamping_press,day,A,north,line_1,0
COMP-0010,81.81,3.294,1.584,62.73,8.324,13.3,9.6,70.5,cnc_mill,evening,B,south,line_3,0
COMP-0011,51.81,4.165,8.714,50.8,7.44,6.9,33.3,47.5,cnc_mill,evening,A,east,line_1,1
COMP-0012,58.67,3.795,1.978,29.82,8.476,0.0,0.0,48.6,laser_cutter,day,A,west,line_3,0
COMP-0013,98.68,5.873,1.678,31.16,8.522,7.7,5.1,50.4,injection_molder,day,B,south,line_3,0
COMP-0014,62.43,5.205,0.695,41.01,8.176,8.2,15.1,67.2,laser_cutter,day,B,north,line_2,0
COMP-0015,82.33,3.331,2.391,42.32,7.31,5.5,44.2,38.7,cnc_mill,night,,east,line_1,1
COMP-0016,66.76,4.774,2.483,27.78,6.707,1.1,35.8,24.4,stamping_press,day,A,north,line_2,0
COMP-0017,75.96,3.207,3.116,53.19,8.339,13.0,0.0,54.8,cnc_mill,day,A,east,line_3,0
COMP-0018,67.4,4.936,0.612,34.14,7.856,1.7,,19.3,stamping_press,day,C,south,line_1,0
COMP-0019,81.74,3.014,1.424,59.93,7.427,8.6,40.2,45.5,laser_cutter,day,A,east,line_1,0
COMP-0020,76.64,5.635,1.158,63.21,8.387,6.8,2.4,67.8,injection_molder,evening,A,west,line_1,0
COMP-0021,69.62,5.454,0.602,42.52,7.369,8.4,0.0,58.7,injection_molder,day,A,east,line_1,0
COMP-0022,62.4,7.29,1.407,49.39,7.588,12.8,18.9,65.6,cnc_mill,evening,B,east,line_2,0
COMP-0023,78.21,6.017,0.726,32.68,8.062,8.2,36.8,59.3,laser_cutter,evening,C,east,line_2,0
COMP-0024,60.45,4.493,0.515,51.24,7.243,3.8,43.9,86.2,laser_cutter,night,B,west,line_2,0
COMP-0025,80.13,5.982,2.764,40.02,7.745,10.4,,41.2,injection_molder,day,B,west,line_1,0
COMP-0026,106.52,3.323,1.198,34.13,8.345,3.5,46.3,56.0,stamping_press,night,A,north,line_1,1
COMP-0027,91.2,3.845,0.946,42.11,7.906,6.7,0.0,43.4,cnc_mill,evening,A,east,line_1,0
COMP-0028,83.62,5.4,3.623,40.34,8.424,0.8,14.5,64.4,stamping_press,day,B,north,line_3,1
COMP-0029,73.97,2.41,2.534,41.75,8.367,1.9,13.7,49.1,stamping_press,night,A,west,line_2,0
COMP-0030,51.73,4.955,0.233,54.5,7.804,6.2,37.3,75.8,injection_molder,night,A,east,line_1,0
COMP-0031,59.13,3.776,2.21,37.15,6.632,7.5,39.5,42.0,injection_molder,day,A,south,line_3,0
COMP-0032,90.39,5.122,2.202,62.35,7.247,0.0,34.3,71.1,laser_cutter,night,A,north,line_1,1
COMP-0033,65.52,3.707,1.364,31.75,8.182,8.0,0.0,58.9,cnc_mill,evening,B,south,line_1,0
COMP-0034,66.61,5.509,1.325,61.15,7.025,2.7,32.9,49.5,cnc_mill,evening,B,east,line_1,0
COMP-0035,73.01,5.023,0.387,34.83,7.637,11.1,27.6,58.1,cnc_mill,night,A,north,line_3,0
COMP-0036,62.26,6.68,5.657,44.99,7.969,4.6,0.0,53.9,stamping_press,day,B,north,line_2,1
COMP-0037,60.28,5.008,,40.1,8.535,1.5,0.0,55.3,,night,,west,line_2,0
COMP-0038,74.39,4.078,2.128,41.56,7.512,6.3,35.6,46.9,cnc_mill,day,B,east,line_1,0
COMP-0039,64.3,4.704,,53.01,7.478,2.3,17.3,39.5,stamping_press,night,C,north,line_1,1
COMP-0040,66.11,3.387,0.959,60.0,7.774,,0.7,45.0,injection_molder,evening,A,north,line_2,0
COMP-0041,65.63,5.487,2.907,56.91,7.975,6.0,16.9,24.8,cnc_mill,day,C,west,line_1,1
COMP-0042,81.27,5.708,1.859,40.95,7.723,,25.5,62.6,laser_cutter,day,A,east,line_3,0
COMP-0043,72.21,7.963,,46.84,8.325,8.4,18.8,31.5,injection_molder,day,A,east,line_3,0
COMP-0044,72.86,4.254,,37.18,7.4,2.0,0.0,46.7,cnc_mill,day,A,south,line_2,0
COMP-0045,,4.679,1.563,35.08,7.86,0.8,48.3,59.7,laser_cutter,day,B,north,line_2,1
COMP-0046,73.3,4.309,4.781,33.54,8.023,7.6,35.1,62.6,injection_molder,day,A,north,line_3,0
COMP-0047,71.66,5.255,2.842,40.62,7.6,1.6,,23.4,cnc_mill,day,A,east,line_2,0
COMP-0048,80.65,5.458,2.353,47.5,8.22,1.6,15.6,48.6,stamping_press,day,B,north,line_2,0
COMP-0049,83.02,4.936,0.434,25.88,7.874,9.3,25.4,56.9,injection_molder,evening,,north,line_3,0
COMP-0050,73.24,6.304,2.409,44.54,8.194,8.1,3.1,50.8,stamping_press,evening,A,east,line_1,0
COMP-0051,75.97,4.26,2.368,60.16,7.897,1.0,24.8,70.2,stamping_press,evening,A,west,line_3,1
COMP-0052,65.62,6.183,0.737,56.22,7.988,3.5,0.0,37.7,stamping_press,day,A,east,line_1,0
COMP-0053,64.67,5.646,0.425,39.15,7.484,2.4,18.9,19.3,,night,A,south,line_2,0
COMP-0054,84.23,4.986,2.765,31.03,7.485,13.1,2.5,62.2,injection_molder,evening,A,south,line_3,0
COMP-0055,80.34,4.622,2.997,49.6,8.412,9.6,3.2,41.9,injection_molder,day,A,south,line_2,0
COMP-0056,80.46,7.912,,21.83,8.118,4.3,44.7,23.6,injection_molder,day,B,south,line_2,0
COMP-0057,78.37,4.02,0.991,56.1,7.289,8.3,20.9,47.6,cnc_mill,evening,C,south,line_2,0
COMP-0058,75.55,5.358,1.836,42.86,7.89,0.6,23.1,68.5,cnc_mill,day,B,south,line_1,0
COMP-0059,83.36,4.1,1.195,63.31,6.613,3.3,0.0,31.1,stamping_press,evening,B,east,line_1,0
COMP-0060,86.22,7.143,0.416,27.73,7.513,6.4,11.0,85.0,stamping_press,night,C,west,line_1,1
COMP-0061,85.93,6.064,0.73,54.18,8.281,7.8,26.9,37.4,injection_molder,day,C,west,line_2,1
COMP-0062,73.79,4.186,2.074,43.99,7.737,5.6,22.9,51.3,cnc_mill,day,B,north,line_2,0
COMP-0063,91.64,5.615,0.765,41.69,7.859,7.0,0.0,31.7,cnc_mill,night,C,south,line_1,0
COMP-0064,77.74,5.309,3.098,31.3,6.292,6.3,23.1,50.6,injection_molder,evening,C,north,line_3,1
COMP-0065,82.59,4.38,2.343,50.96,7.604,5.3,25.5,48.0,injection_molder,day,B,south,line_1,1
COMP-0066,78.39,5.91,2.132,51.76,7.969,4.8,39.3,27.7,cnc_mill,night,B,north,line_2,0
COMP-0067,77.96,5.467,1.809,62.85,8.033,4.3,10.2,92.4,cnc_mill,night,A,north,line_2,0
COMP-0068,66.17,5.259,0.924,55.08,8.281,6.9,0.0,42.6,cnc_mill,evening,A,east,line_1,0
COMP-0069,83.42,4.95,2.563,39.06,7.695,7.6,5.0,42.6,stamping_press,evening,B,south,line_2,0
COMP-0070,109.14,5.517,0.903,34.96,7.717,6.8,3.5,64.5,cnc_mill,day,B,west,line_2,0
COMP-0071,70.5,5.275,3.212,31.32,7.134,1.3,31.1,77.2,stamping_press,day,A,north,line_1,0
COMP-0072,,5.071,4.31,59.73,7.698,2.0,0.0,66.9,cnc_mill,evening,B,north,line_3,0
COMP-0073,69.65,4.231,1.851,37.22,7.169,7.6,13.3,32.0,laser_cutter,day,B,south,line_3,0
COMP-0074,69.14,7.033,3.949,59.8,6.876,11.9,41.4,53.2,stamping_press,evening,C,north,line_2,1
COMP-0075,93.53,3.739,0.738,50.25,7.257,6.6,20.1,21.8,stamping_press,night,A,north,line_3,0
COMP-0076,,5.513,2.36,48.3,8.554,4.4,33.4,63.5,stamping_press,day,A,west,line_3,1
COMP-0077,69.31,4.616,1.648,41.93,7.665,6.9,0.0,25.5,stamping_press,evening,B,north,line_1,0
COMP-0078,55.95,7.111,2.797,51.61,7.91,1.5,0.0,38.0,injection_molder,day,C,north,line_2,0
COMP-0079,65.91,3.916,0.248,44.85,7.543,11.2,41.6,50.0,cnc_mill,night,C,east,line_2,0
COMP-0080,54.5,4.118,2.687,41.31,6.905,6.7,21.5,56.7,injection_molder,day,C,south,line_1,0
COMP-0081,82.58,3.836,0.997,51.96,8.268,3.3,21.5,46.1,injection_molder,evening,C,east,line_1,0
COMP-0082,108.6,5.388,1.707,43.56,6.714,5.3,3.2,72.8,cnc_mill,evening,A,south,line_1,0
COMP-0083,70.6,3.352,5.596,37.02,7.523,3.9,21.5,60.8,injection_molder,day,A,west,line_2,1
COMP-0084,55.0,4.426,2.414,51.0,7.773,11.2,2.8,59.7,,evening,A,north,line_3,0
COMP-0085,85.8,2.417,2.203,44.36,7.915,5.2,37.8,31.6,stamping_press,evening,,south,line_3,0
COMP-0086,66.28,5.289,2.082,49.89,7.437,6.6,60.9,75.5,stamping_press,evening,C,east,line_1,1
COMP-0087,,4.4,3.433,40.46,6.881,8.3,27.3,38.0,,night,A,west,line_1,1
COMP-0088,71.62,3.214,2.861,32.91,7.399,3.0,10.5,76.1,cnc_mill,night,B,south,line_2,0
COMP-0089,67.42,6.303,2.098,62.35,7.426,6.8,0.0,80.3,stamping_press,day,A,east,line_2,0
COMP-0090,72.86,3.431,1.922,60.47,7.413,7.1,0.0,57.7,cnc_mill,evening,A,north,line_3,0
COMP-0091,84.09,5.956,1.834,53.84,8.285,0.0,43.3,65.5,stamping_press,day,A,north,line_3,0
COMP-0092,72.27,4.159,1.583,41.12,7.193,7.0,4.6,5.0,injection_molder,night,A,north,line_3,0
COMP-0093,69.04,6.922,0.603,42.0,7.95,5.8,14.4,47.1,cnc_mill,evening,C,east,line_3,0
COMP-0094,72.61,5.899,,58.82,7.879,6.5,29.8,66.5,cnc_mill,day,A,north,line_3,0
COMP-0095,59.74,3.79,1.077,41.46,8.28,6.1,42.2,63.9,cnc_mill,day,C,east,line_2,0
COMP-0096,79.76,3.9,1.446,38.67,7.733,7.0,17.0,31.7,injection_molder,night,B,north,line_1,0
COMP-0097,53.56,5.727,2.989,63.72,8.196,11.3,13.9,45.6,cnc_mill,day,A,west,line_1,0
COMP-0098,69.67,4.685,1.61,44.52,7.714,1.3,21.1,12.0,stamping_press,evening,A,west,line_1,0
COMP-0099,,4.797,,62.68,8.017,4.6,10.6,56.2,stamping_press,day,C,north,line_1,0
COMP-0100,78.64,6.527,1.855,31.02,7.049,8.7,11.4,21.8,laser_cutter,night,A,north,line_1,0
COMP-0101,82.08,4.102,1.312,50.18,6.481,7.9,26.2,67.0,laser_cutter,day,C,,line_3,1
COMP-0102,74.22,5.11,5.52,65.71,7.989,7.8,,67.7,injection_molder,day,A,west,line_1,1
COMP-0103,89.04,6.146,,45.3,8.016,17.0,52.0,42.9,stamping_press,night,B,north,line_3,1
COMP-0104,86.1,5.971,4.962,42.36,8.038,8.5,26.6,57.8,laser_cutter,night,C,south,line_3,1
COMP-0105,80.35,4.808,2.087,33.32,7.538,10.5,37.3,46.7,injection_molder,day,A,south,line_2,0
COMP-0106,86.13,4.653,1.024,55.82,8.545,4.8,3.9,53.6,injection_molder,evening,A,,line_2,0
COMP-0107,84.01,2.913,3.043,37.3,7.57,2.0,27.9,32.8,cnc_mill,evening,C,south,line_1,0
COMP-0108,69.73,3.733,1.32,44.05,8.01,4.7,9.2,59.3,stamping_press,night,A,south,line_2,0
COMP-0109,58.87,5.382,3.22,32.65,8.097,8.8,25.9,25.4,stamping_press,day,A,west,line_1,0
COMP-0110,80.04,4.835,0.986,60.57,8.659,7.6,30.3,22.6,laser_cutter,evening,A,north,line_3,0
COMP-0111,81.55,5.09,2.191,56.55,7.641,7.6,20.7,48.2,cnc_mill,evening,A,west,line_1,0
COMP-0112,88.09,6.247,3.52,44.68,7.473,5.1,56.1,46.8,stamping_press,evening,B,north,line_1,1
COMP-0113,63.76,3.575,1.376,33.46,7.051,4.5,41.4,54.1,cnc_mill,night,B,south,line_2,0
COMP-0114,64.12,4.717,1.372,60.36,8.576,5.3,37.7,40.3,cnc_mill,evening,A,west,line_2,0
COMP-0115,80.52,5.226,0.468,41.34,8.011,8.9,,78.3,stamping_press,day,C,east,line_2,0
COMP-0116,,4.155,1.01,33.95,8.027,,46.5,52.4,laser_cutter,night,A,east,line_2,0
COMP-0117,52.37,6.718,2.059,27.38,9.358,2.0,0.0,53.5,injection_molder,night,A,north,line_1,0
COMP-0118,79.5,6.09,2.277,38.54,7.963,,40.6,53.0,injection_molder,night,B,south,line_2,1
COMP-0119,52.77,5.348,2.507,30.45,7.149,3.4,5.1,65.0,cnc_mill,day,C,south,line_1,0
COMP-0120,63.66,7.153,0.311,38.77,7.702,7.9,11.5,58.6,injection_molder,day,A,south,line_1,0
COMP-0121,91.22,3.201,1.325,52.44,7.313,5.2,28.4,56.6,injection_molder,evening,A,south,line_1,0
COMP-0122,96.9,4.991,0.522,41.25,7.602,12.3,38.5,61.0,injection_molder,day,B,south,line_1,0
COMP-0123,60.41,5.44,1.988,48.56,7.599,4.3,2.7,22.6,stamping_press,night,C,south,line_1,0
COMP-0124,71.05,3.903,0.387,37.77,7.506,6.7,,23.2,cnc_mill,day,A,north,line_2,0
COMP-0125,75.51,5.361,,45.65,7.103,,,48.9,stamping_press,evening,A,south,line_1,0
COMP-0126,96.37,3.672,2.828,64.21,8.596,2.5,17.2,47.0,cnc_mill,night,B,north,line_1,0
COMP-0127,69.09,5.829,1.104,41.52,7.949,5.7,32.8,58.7,cnc_mill,day,A,west,line_2,0
COMP-0128,69.28,6.269,3.971,48.84,7.687,4.9,71.5,50.3,stamping_press,day,A,east,line_1,1
COMP-0129,93.58,5.327,2.551,29.34,8.179,3.9,26.3,58.7,stamping_press,evening,A,north,line_2,0
COMP-0130,70.5,2.777,1.382,60.2,8.036,4.2,9.0,31.3,injection_molder,evening,A,east,line_3,0
COMP-0131,83.67,3.84,3.127,40.23,7.938,10.4,0.6,49.8,stamping_press,day,B,west,line_2,0
COMP-0132,57.27,5.678,1.47,55.51,8.142,3.6,15.1,29.9,laser_cutter,evening,C,north,line_3,0
COMP-0133,72.95,5.025,2.722,43.77,7.867,8.3,5.9,55.8,injection_molder,night,B,north,line_1,0
COMP-0134,55.08,1.767,,51.12,8.135,7.3,27.0,21.8,cnc_mill,evening,B,north,line_1,0
COMP-0135,62.33,6.491,3.246,51.71,8.177,0.4,26.8,55.2,injection_molder,day,C,north,line_2,1
COMP-0136,85.07,5.164,0.425,40.48,7.881,8.1,13.1,28.0,stamping_press,day,A,east,line_3,0
COMP-0137,74.4,4.017,,55.92,7.69,0.3,49.8,44.2,laser_cutter,day,A,west,line_3,0
COMP-0138,71.17,6.194,0.77,37.41,8.565,8.5,9.0,63.4,cnc_mill,day,,north,line_1,0
COMP-0139,66.02,4.187,1.055,52.78,7.561,4.0,18.2,53.4,injection_molder,day,,east,line_3,0
COMP-0140,72.35,4.174,2.11,41.1,7.996,6.0,29.6,25.3,stamping_press,evening,B,north,line_1,0
COMP-0141,78.61,5.43,1.673,48.5,8.007,0.8,33.4,39.9,cnc_mill,day,B,east,line_1,0
COMP-0142,86.79,7.137,2.743,40.38,7.495,6.5,39.2,27.5,cnc_mill,night,A,east,line_1,0
COMP-0143,43.5,6.948,,45.5,7.396,9.7,26.4,24.6,laser_cutter,day,B,,line_3,0
COMP-0144,65.02,5.432,0.38,34.25,7.623,2.8,35.8,51.8,cnc_mill,day,A,north,line_1,0
COMP-0145,76.91,5.555,3.83,47.48,7.554,3.6,10.0,58.4,cnc_mill,night,A,east,line_3,0
COMP-0146,73.81,5.95,1.446,45.44,7.071,7.8,33.8,56.6,stamping_press,night,B,,line_2,1
COMP-0147,79.84,3.492,4.901,39.6,7.474,7.9,33.6,59.0,cnc_mill,day,A,north,line_2,1
COMP-0148,78.21,5.773,0.937,44.45,7.933,0.0,,49.8,cnc_mill,day,B,north,line_2,0
COMP-0149,71.34,4.119,0.275,46.34,8.433,14.1,0.0,45.9,cnc_mill,day,C,north,line_3,0
COMP-0150,68.68,5.382,2.57,38.84,8.077,8.1,,33.9,stamping_press,evening,C,east,line_1,0
COMP-0151,72.05,4.727,2.464,43.71,6.5,8.8,32.3,43.4,,evening,A,east,line_1,0
COMP-0152,88.78,5.601,0.682,34.94,8.121,5.4,0.0,30.2,laser_cutter,day,A,east,line_2,0
COMP-0153,66.22,5.142,0.744,68.46,7.521,0.0,27.4,37.3,stamping_press,day,A,east,line_1,0
COMP-0154,74.25,1.312,2.88,55.59,8.027,8.7,35.9,51.3,,evening,A,west,line_1,0
COMP-0155,77.2,5.215,2.18,47.73,7.793,3.7,11.4,48.2,stamping_press,night,C,west,line_1,0
COMP-0156,93.72,5.771,1.34,56.72,7.704,8.2,13.5,95.0,injection_molder,evening,,north,line_1,0
COMP-0157,71.4,5.535,2.332,25.21,7.749,5.1,3.9,29.8,stamping_press,evening,A,east,line_1,0
COMP-0158,86.51,4.877,2.033,19.42,7.789,7.0,12.2,48.1,injection_molder,day,C,north,line_1,1
COMP-0159,89.78,6.971,0.812,41.01,8.472,2.9,12.6,28.6,injection_molder,day,A,south,line_3,0
COMP-0160,74.23,5.374,3.023,31.21,7.79,9.5,9.8,44.2,injection_molder,day,A,west,line_1,0
COMP-0161,72.47,5.525,2.647,42.63,8.343,1.2,8.9,44.8,stamping_press,night,A,east,line_3,0
COMP-0162,71.05,6.253,1.7,47.06,8.27,15.0,15.9,62.7,laser_cutter,night,,west,line_3,0
COMP-0163,71.93,5.435,2.881,54.2,8.134,15.0,15.8,43.3,stamping_press,night,B,south,line_1,0
COMP-0164,85.25,3.922,5.29,33.62,6.907,12.5,48.1,47.1,stamping_press,night,A,south,line_2,1
COMP-0165,77.77,2.074,,49.0,8.358,11.1,14.1,43.5,cnc_mill,night,C,south,line_2,0
COMP-0166,77.82,4.427,1.386,45.14,7.571,5.7,25.2,29.0,cnc_mill,night,C,north,line_2,0
COMP-0167,61.5,5.913,1.438,48.48,8.158,10.7,11.3,40.2,laser_cutter,day,C,north,line_1,0
COMP-0168,63.39,4.576,2.84,39.8,7.314,5.6,11.2,44.3,injection_molder,day,A,south,line_1,0
COMP-0169,100.72,5.961,,58.83,7.207,0.0,0.0,51.1,cnc_mill,day,A,north,line_1,0
COMP-0170,72.87,5.178,2.736,43.96,8.788,12.0,0.0,58.4,laser_cutter,evening,C,west,line_2,0
COMP-0171,65.7,6.546,1.144,62.74,7.322,10.5,1.9,46.5,stamping_press,day,A,north,line_3,0
COMP-0172,92.17,4.646,0.664,37.1,8.373,5.9,22.8,46.2,cnc_mill,night,B,north,line_2,0
COMP-0173,78.38,5.561,1.773,52.43,7.859,1.1,36.1,24.2,stamping_press,evening,B,east,line_2,1
COMP-0174,81.94,5.607,1.124,44.4,7.59,3.7,0.0,58.1,laser_cutter,evening,A,north,line_3,0
COMP-0175,73.34,6.802,1.899,41.72,7.778,0.0,11.8,39.6,,day,B,west,line_2,0
COMP-0176,71.18,2.952,2.225,51.32,7.149,9.8,0.0,61.2,stamping_press,day,C,east,line_1,0
COMP-0177,72.96,4.45,0.408,42.01,7.793,0.0,16.0,69.7,cnc_mill,day,B,,line_3,0
COMP-0178,58.41,6.018,1.227,18.38,7.259,7.1,36.1,47.2,laser_cutter,night,A,east,line_1,1
COMP-0179,73.94,6.855,1.774,14.37,7.602,,13.3,34.7,laser_cutter,evening,C,east,line_1,1
COMP-0180,78.55,5.288,2.889,57.72,8.263,0.3,19.3,49.7,injection_molder,evening,B,east,line_2,1
COMP-0181,97.21,4.649,,57.3,7.927,7.0,41.8,55.2,laser_cutter,day,B,west,line_3,1
COMP-0182,76.03,5.909,,63.87,7.059,4.7,26.9,45.3,laser_cutter,day,C,east,line_1,0
COMP-0183,46.99,6.042,1.49,44.82,8.226,9.4,8.6,41.5,cnc_mill,day,,east,line_2,0
COMP-0184,73.87,4.568,2.304,32.07,7.796,0.9,22.4,58.5,cnc_mill,night,A,south,line_1,0
COMP-0185,107.87,5.396,1.415,40.8,7.529,3.0,7.6,57.5,injection_molder,night,A,east,line_1,0
COMP-0186,85.4,6.417,0.942,45.11,8.173,0.0,26.3,44.8,injection_molder,day,A,west,line_1,0
COMP-0187,65.27,7.269,1.627,34.93,7.716,0.0,27.7,25.2,cnc_mill,night,B,east,line_2,0
COMP-0188,82.09,5.891,2.159,61.49,7.217,13.2,0.0,56.8,stamping_press,day,B,east,line_3,0
COMP-0189,66.1,5.053,0.803,67.4,8.724,14.3,22.6,38.5,injection_molder,night,B,south,line_1,0
COMP-0190,58.75,4.935,2.475,49.78,7.791,6.4,18.2,53.2,stamping_press,day,A,east,line_1,0
COMP-0191,70.82,5.669,1.848,44.89,7.759,2.7,28.2,52.3,laser_cutter,day,,west,line_1,0
COMP-0192,,4.861,2.535,32.05,7.597,4.8,32.5,21.7,stamping_press,night,C,north,line_1,1
COMP-0193,52.53,5.228,1.601,60.46,8.39,9.5,27.2,51.2,stamping_press,day,A,north,line_2,0
COMP-0194,61.21,3.731,4.793,45.76,7.538,3.9,15.5,57.7,laser_cutter,day,B,south,line_2,0
COMP-0195,75.12,6.556,2.13,42.11,7.028,7.0,34.0,59.6,stamping_press,day,B,south,line_2,1
COMP-0196,70.1,3.632,2.728,49.81,7.461,5.9,6.9,51.8,,day,B,east,line_1,0
COMP-0197,79.74,4.481,2.468,39.14,8.463,3.7,0.2,20.3,injection_molder,evening,A,north,line_2,0
COMP-0198,60.42,5.117,1.476,46.47,8.216,3.9,0.0,69.2,laser_cutter,night,B,south,line_1,0
COMP-0199,83.57,7.389,2.001,30.58,7.672,7.2,18.9,56.2,stamping_press,night,,east,line_1,1
COMP-0200,60.79,4.493,1.064,55.87,8.487,2.1,7.7,32.0,cnc_mill,day,B,east,line_3,0
COMP-0201,94.71,4.201,4.575,43.96,8.174,7.8,26.0,38.2,injection_molder,evening,C,east,line_3,1
COMP-0202,54.41,4.339,2.292,56.59,7.667,4.1,0.0,53.5,laser_cutter,day,C,east,line_3,0
COMP-0203,61.89,6.991,0.897,42.99,7.717,6.5,10.3,60.2,cnc_mill,day,A,east,line_3,0
COMP-0204,80.01,1.625,3.928,43.64,7.965,11.5,27.1,42.7,stamping_press,day,B,east,line_2,0
COMP-0205,94.97,3.797,1.532,32.88,7.384,5.3,4.6,62.4,stamping_press,night,B,east,line_3,0
COMP-0206,78.78,8.278,2.983,52.6,7.802,9.7,26.1,23.1,stamping_press,night,C,south,line_2,1
COMP-0207,81.75,5.709,0.397,36.24,7.954,0.0,11.6,34.4,stamping_press,night,A,east,line_1,0
COMP-0208,75.21,3.673,3.477,40.14,6.957,4.1,19.5,19.0,injection_molder,evening,A,north,line_1,0
COMP-0209,62.68,4.95,2.229,45.01,7.705,6.1,28.9,36.5,stamping_press,evening,C,north,line_1,0
COMP-0210,69.12,5.081,,46.21,7.648,13.7,34.3,72.6,cnc_mill,evening,A,south,line_1,0
COMP-0211,60.46,6.015,2.203,27.94,8.314,0.0,21.4,80.9,injection_molder,evening,B,west,line_1,0
COMP-0212,59.66,7.207,4.287,42.69,6.878,5.6,7.8,53.5,injection_molder,day,A,east,line_2,0
COMP-0213,79.82,5.466,1.089,52.95,7.609,11.8,13.1,40.4,stamping_press,day,C,north,line_3,0
COMP-0214,61.52,4.352,,41.22,7.559,2.9,29.6,46.7,injection_molder,day,C,east,line_2,1
COMP-0215,78.83,5.945,1.46,42.75,8.28,5.1,4.7,57.1,injection_molder,night,A,north,line_1,0
COMP-0216,59.38,4.162,1.762,46.62,7.778,7.3,17.3,26.6,injection_molder,evening,B,east,line_2,0
COMP-0217,78.56,3.76,3.111,43.74,8.698,6.7,14.2,41.4,stamping_press,night,A,west,line_1,0
COMP-0218,69.14,2.888,2.313,34.69,8.131,12.3,18.4,71.5,stamping_press,day,B,east,line_1,0
COMP-0219,91.88,3.122,1.459,44.64,7.595,7.8,4.9,34.3,laser_cutter,evening,B,east,line_1,0
COMP-0220,78.88,3.924,2.061,54.94,7.92,11.3,0.0,38.8,cnc_mill,day,C,,line_1,0
COMP-0221,89.83,3.587,4.732,34.49,7.623,4.6,27.8,50.2,cnc_mill,day,A,south,line_1,0
COMP-0222,65.93,5.376,2.584,41.26,8.23,3.0,34.5,54.2,cnc_mill,day,A,west,line_3,0
COMP-0223,75.67,3.561,1.574,31.18,7.134,5.1,,40.6,injection_molder,day,B,east,line_3,0
COMP-0224,63.23,1.228,1.428,54.41,7.388,1.4,25.5,51.2,laser_cutter,night,B,south,line_2,0
COMP-0225,70.04,3.747,1.978,44.08,8.028,7.9,36.2,59.1,stamping_press,day,B,south,line_1,0
COMP-0226,71.85,4.434,3.087,36.5,8.413,4.5,28.9,79.4,laser_cutter,evening,A,north,line_3,0
COMP-0227,66.29,4.273,0.972,45.92,6.699,3.3,13.7,48.1,stamping_press,evening,A,north,line_2,0
COMP-0228,60.41,6.823,,32.96,8.487,8.0,5.8,49.4,cnc_mill,day,C,north,line_1,0
COMP-0229,58.04,4.264,,34.67,7.73,1.4,21.2,72.9,injection_molder,evening,A,south,line_2,0
COMP-0230,46.92,6.057,1.719,30.4,6.858,9.1,,41.8,stamping_press,day,A,west,line_2,0
COMP-0231,62.32,4.977,7.122,34.33,6.299,4.1,21.4,30.1,stamping_press,night,C,south,line_2,1
COMP-0232,82.53,4.949,2.634,58.57,7.035,10.6,17.3,53.8,cnc_mill,night,A,north,line_1,0
COMP-0233,55.82,3.998,1.152,37.67,7.79,,3.8,66.1,laser_cutter,evening,B,north,line_2,0
COMP-0234,58.58,4.929,2.225,49.66,7.767,8.5,26.3,55.4,injection_molder,evening,A,south,line_1,0
COMP-0235,96.49,4.082,3.187,36.64,8.117,6.7,,48.5,laser_cutter,day,C,west,line_1,1
COMP-0236,,5.204,2.653,52.6,7.525,9.0,23.0,28.3,injection_molder,night,B,south,line_1,0
COMP-0237,78.85,4.717,0.227,34.74,7.246,6.4,21.7,49.1,cnc_mill,day,C,,line_3,0
COMP-0238,82.71,3.866,1.669,45.39,7.593,0.0,45.2,68.5,,day,A,west,line_1,0
COMP-0239,82.95,6.19,2.29,45.53,7.817,10.0,10.6,31.5,stamping_press,day,B,north,line_1,0
COMP-0240,56.73,5.512,2.168,68.28,7.915,5.6,39.2,46.3,stamping_press,night,B,east,line_1,1
COMP-0241,72.23,4.462,1.223,51.3,7.405,9.2,9.0,44.2,laser_cutter,evening,A,west,line_3,0
COMP-0242,,5.175,2.682,39.07,8.251,8.8,36.6,39.5,,night,A,south,line_2,0
COMP-0243,104.36,4.899,3.487,51.85,7.489,2.9,38.5,53.7,stamping_press,night,A,north,line_3,1
COMP-0244,,3.959,0.421,66.38,7.365,2.3,15.6,56.6,cnc_mill,day,C,west,line_1,0
COMP-0245,62.43,5.085,0.384,28.7,7.529,8.6,44.9,56.5,injection_molder,night,B,west,line_1,0
COMP-0246,62.51,4.255,2.212,36.58,8.337,4.8,27.0,35.3,laser_cutter,day,B,south,line_2,0
COMP-0247,57.04,3.866,2.828,42.63,7.734,9.7,6.8,25.3,,evening,B,east,line_1,0
COMP-0248,91.23,3.053,1.092,40.83,7.453,5.3,14.4,53.9,cnc_mill,day,B,north,line_3,0
COMP-0249,104.07,4.57,0.242,41.67,8.263,10.1,37.0,42.4,cnc_mill,night,B,west,line_3,0
COMP-0250,69.29,5.68,1.689,31.96,8.871,7.7,33.8,77.6,cnc_mill,day,A,south,line_2,0
COMP-0251,59.15,4.166,2.19,59.04,7.905,7.2,4.1,78.3,injection_molder,day,B,north,line_3,0
COMP-0252,48.16,8.025,1.375,30.77,8.417,4.5,17.9,79.9,laser_cutter,evening,,east,line_2,0
COMP-0253,72.07,6.063,3.238,43.0,8.318,6.9,23.1,35.9,cnc_mill,day,,west,line_1,0
COMP-0254,71.2,6.565,2.102,55.46,7.497,10.8,12.4,58.5,stamping_press,day,C,west,line_2,0
COMP-0255,67.18,5.954,1.004,44.7,7.813,5.8,55.4,63.1,stamping_press,evening,A,north,line_1,0
COMP-0256,,7.223,1.086,35.21,7.159,8.1,23.5,61.4,injection_molder,day,B,north,line_3,0
COMP-0257,79.74,4.056,1.715,31.51,7.698,6.2,19.1,44.7,injection_molder,night,A,west,line_1,0
COMP-0258,78.88,1.927,1.308,42.7,7.487,6.5,37.9,69.2,stamping_press,day,C,west,line_1,0
COMP-0259,71.21,4.465,0.36,37.43,7.599,12.9,14.5,50.0,stamping_press,evening,C,south,line_2,0
COMP-0260,61.78,5.67,1.981,47.05,7.425,10.8,35.1,51.9,injection_molder,evening,,east,line_1,0
COMP-0261,82.99,5.182,1.108,30.99,7.656,6.3,0.0,26.9,stamping_press,evening,A,south,line_1,0
COMP-0262,75.15,5.331,1.255,53.13,8.066,6.9,13.2,59.7,laser_cutter,evening,A,south,line_2,0
COMP-0263,85.66,6.585,0.73,46.16,7.74,3.2,,46.1,cnc_mill,evening,A,north,line_1,0
COMP-0264,84.48,5.458,4.357,46.9,6.868,5.3,43.6,57.0,stamping_press,night,A,north,line_2,1
COMP-0265,57.94,5.959,2.532,59.41,7.427,7.2,8.4,53.5,laser_cutter,day,A,north,line_1,0
COMP-0266,57.79,3.873,5.036,40.62,7.04,9.4,,52.7,stamping_press,day,A,west,line_1,0
COMP-0267,65.93,3.686,,37.74,7.922,9.0,28.5,49.3,stamping_press,evening,C,north,line_1,0
COMP-0268,62.32,6.937,2.627,39.52,8.052,1.6,10.7,61.8,stamping_press,night,A,north,line_3,0
COMP-0269,84.06,5.121,2.005,43.07,7.928,9.9,16.0,47.0,stamping_press,day,A,south,line_3,0
COMP-0270,79.22,4.252,,44.09,7.406,5.6,33.1,28.2,stamping_press,day,C,north,line_1,0
COMP-0271,88.19,4.254,1.36,36.69,7.923,2.1,11.8,58.5,stamping_press,night,B,north,line_3,1
COMP-0272,79.76,4.221,2.529,24.77,7.565,,0.0,37.9,stamping_press,evening,B,east,line_2,0
COMP-0273,77.5,4.149,0.73,39.39,7.231,11.9,0.5,30.1,stamping_press,night,B,south,line_2,0
COMP-0274,89.4,3.46,3.258,48.6,8.171,,20.1,34.7,injection_molder,evening,C,east,line_2,1
COMP-0275,80.64,3.199,1.893,46.36,8.209,8.8,0.0,54.2,injection_molder,evening,B,west,line_2,0
COMP-0276,75.82,4.766,2.988,57.0,8.274,9.1,15.5,48.6,cnc_mill,day,B,north,line_3,1
COMP-0277,92.77,4.288,2.196,64.55,7.496,11.6,0.0,18.0,cnc_mill,night,B,west,line_2,0
COMP-0278,76.38,6.329,0.424,52.59,8.39,8.9,44.6,44.2,cnc_mill,day,,west,line_2,0
COMP-0279,71.35,5.352,1.67,58.83,7.553,0.7,52.5,67.5,laser_cutter,evening,A,west,line_1,0
COMP-0280,64.95,5.318,3.304,52.67,8.127,14.0,4.1,43.2,laser_cutter,day,B,east,line_1,0
COMP-0281,83.44,4.108,1.874,62.1,7.545,10.3,23.9,47.5,stamping_press,evening,A,east,line_2,0
COMP-0282,89.84,4.855,1.701,63.51,7.688,4.0,5.6,65.6,stamping_press,evening,,east,line_1,0
COMP-0283,74.39,5.433,1.873,54.51,6.589,1.9,15.4,61.9,stamping_press,evening,A,east,line_1,0
COMP-0284,90.69,5.859,0.332,52.06,7.649,8.0,47.1,65.3,stamping_press,night,A,north,line_1,0
COMP-0285,51.36,4.887,3.523,42.95,7.846,4.9,13.0,8.4,cnc_mill,day,A,west,line_1,0
COMP-0286,74.33,6.295,0.178,44.59,7.595,7.3,15.7,76.0,,evening,C,east,line_2,0
COMP-0287,74.52,5.01,3.992,41.62,8.678,,5.9,59.5,stamping_press,day,A,,line_2,0
COMP-0288,66.28,5.951,1.3,51.21,7.219,3.7,37.2,86.9,cnc_mill,day,B,south,line_2,0
COMP-0289,103.61,4.412,2.3,37.8,7.518,1.5,0.0,38.3,cnc_mill,day,C,north,line_1,1
COMP-0290,74.21,2.825,0.303,43.09,7.348,7.5,13.4,23.5,stamping_press,day,A,south,line_2,0
COMP-0291,70.11,5.322,2.808,21.45,7.518,3.9,,50.1,laser_cutter,day,B,south,line_1,0
COMP-0292,,5.87,2.505,62.23,8.316,6.6,10.1,45.9,stamping_press,evening,A,south,line_2,0
COMP-0293,50.97,5.69,2.405,42.8,8.539,0.6,33.0,59.8,laser_cutter,evening,A,south,line_2,0
COMP-0294,65.88,5.507,0.289,49.56,7.45,5.0,38.0,66.1,stamping_press,evening,B,north,line_2,0
COMP-0295,86.8,4.582,0.928,59.58,7.438,8.9,0.0,48.7,laser_cutter,day,C,south,line_2,0
COMP-0296,67.45,4.032,2.204,48.0,7.221,8.4,51.4,46.4,laser_cutter,day,A,south,line_3,0
COMP-0297,65.05,5.662,3.462,59.44,8.453,2.8,0.0,57.8,laser_cutter,day,B,west,line_3,0
COMP-0298,90.71,5.512,0.819,32.58,8.361,1.3,39.3,46.2,injection_molder,night,A,north,line_2,1
COMP-0299,91.08,4.327,0.838,68.97,7.747,6.1,22.2,44.9,injection_molder,night,B,south,line_2,0
COMP-0300,81.2,6.331,2.108,55.87,7.102,8.2,12.4,65.6,injection_molder,day,B,north,line_1,0
COMP-0301,69.54,3.941,6.731,47.09,7.147,7.6,13.9,68.9,injection_molder,evening,B,south,line_3,0
COMP-0302,72.13,4.3,1.049,59.25,7.885,4.0,19.5,66.3,stamping_press,day,B,south,line_1,0
COMP-0303,65.35,6.964,1.288,33.31,8.075,7.2,23.1,47.5,cnc_mill,day,A,east,line_1,0
COMP-0304,63.06,6.042,1.149,42.11,6.767,12.0,6.2,17.9,cnc_mill,day,B,west,line_3,0
COMP-0305,62.47,4.57,1.554,59.44,7.639,6.8,,47.8,laser_cutter,day,B,north,line_2,0
COMP-0306,67.58,5.345,3.637,26.33,8.609,0.0,8.4,38.6,cnc_mill,evening,B,east,line_1,0
COMP-0307,62.58,5.186,1.614,50.6,7.691,6.8,1.8,48.1,cnc_mill,night,A,north,line_1,0
COMP-0308,56.24,1.705,7.134,50.32,8.545,14.2,7.7,39.9,injection_molder,day,A,north,line_1,0
COMP-0309,,3.912,1.828,64.69,8.125,0.9,2.8,49.7,stamping_press,evening,A,south,line_2,0
COMP-0310,77.82,4.939,3.861,29.17,7.258,6.1,,34.4,stamping_press,evening,A,north,line_1,0
COMP-0311,95.41,4.572,1.36,61.1,7.654,5.1,26.5,30.8,cnc_mill,night,A,east,line_3,0
COMP-0312,66.98,5.297,0.604,39.41,7.736,6.4,21.8,68.3,cnc_mill,evening,,east,line_3,0
COMP-0313,78.55,6.355,1.612,40.53,7.324,6.8,49.6,35.5,stamping_press,day,B,east,line_2,1
COMP-0314,78.75,4.614,2.429,32.78,7.315,10.6,0.0,50.0,cnc_mill,evening,A,,line_2,0
COMP-0315,71.95,3.731,0.934,34.12,8.553,6.3,27.0,64.3,cnc_mill,day,C,east,line_1,0
COMP-0316,83.93,5.39,3.481,49.04,7.311,11.1,20.1,63.7,cnc_mill,night,B,south,line_1,1
COMP-0317,84.3,4.608,1.192,33.88,8.339,5.5,32.2,61.9,cnc_mill,day,B,north,line_2,0
COMP-0318,78.93,4.813,0.731,52.4,7.582,4.6,30.7,54.5,injection_molder,evening,B,north,line_1,0
COMP-0319,71.93,4.65,6.31,38.37,7.787,3.3,17.5,60.9,stamping_press,day,B,east,line_1,0
COMP-0320,70.71,7.69,,32.87,8.081,0.0,22.6,70.6,laser_cutter,day,B,west,line_1,0
COMP-0321,58.59,2.311,1.166,39.72,7.501,7.1,8.8,56.4,laser_cutter,night,C,north,line_1,0
COMP-0322,65.33,4.534,2.698,48.37,8.084,14.2,29.2,22.4,cnc_mill,evening,B,east,line_2,0
COMP-0323,67.54,4.996,1.326,42.23,6.777,7.8,,42.1,cnc_mill,day,B,east,line_2,0
COMP-0324,,4.063,,45.34,8.02,8.7,31.7,60.4,cnc_mill,night,B,west,line_3,0
COMP-0325,80.28,6.08,1.079,51.96,6.566,4.3,19.7,40.6,laser_cutter,night,B,south,line_2,0
COMP-0326,89.36,5.976,5.246,55.82,7.687,5.0,12.7,74.3,injection_molder,day,A,east,line_3,1
COMP-0327,64.1,4.943,,41.9,8.227,,16.5,49.1,injection_molder,evening,B,east,line_2,0
COMP-0328,78.4,4.675,2.818,34.56,8.111,14.0,17.6,51.3,cnc_mill,evening,B,west,line_3,0
COMP-0329,,4.866,2.038,45.76,7.151,12.0,39.5,66.9,injection_molder,evening,C,north,line_2,0
COMP-0330,71.34,4.874,2.279,49.71,7.215,9.2,68.5,47.3,stamping_press,day,B,west,line_1,1
COMP-0331,66.72,4.906,1.252,30.39,7.456,6.1,38.3,52.6,injection_molder,day,B,north,line_3,0
COMP-0332,82.22,4.774,1.866,36.09,7.893,6.8,11.5,63.5,stamping_press,night,,west,line_1,1
COMP-0333,66.85,5.303,0.263,37.81,6.784,3.0,29.4,27.9,injection_molder,night,B,north,line_1,0
COMP-0334,87.14,5.904,3.169,42.92,7.793,0.2,30.1,45.7,laser_cutter,night,A,,line_1,1
COMP-0335,72.05,3.524,1.243,37.39,7.956,1.5,6.1,62.4,stamping_press,night,A,north,line_1,0
COMP-0336,67.2,3.739,0.652,52.07,7.658,6.2,1.1,51.0,injection_molder,evening,A,south,line_1,0
COMP-0337,59.96,2.902,1.941,28.95,8.063,4.8,19.1,72.0,stamping_press,night,A,south,line_2,0
COMP-0338,78.04,6.04,1.474,29.2,7.912,0.1,32.1,26.4,injection_molder,night,A,north,line_3,0
COMP-0339,85.74,5.3,3.096,41.66,7.529,5.9,0.0,24.6,stamping_press,evening,B,south,line_1,0
COMP-0340,78.28,5.606,1.638,43.24,6.832,4.7,9.2,61.5,laser_cutter,evening,B,south,line_2,0
COMP-0341,101.87,3.285,1.061,30.45,7.867,1.3,28.6,63.0,stamping_press,day,A,east,line_1,0
COMP-0342,92.16,7.142,1.666,38.93,7.323,4.5,20.6,47.1,laser_cutter,evening,B,west,line_3,0
COMP-0343,71.31,4.269,4.144,40.99,7.511,4.7,41.2,56.0,injection_molder,day,A,east,line_1,1
COMP-0344,71.18,5.202,3.163,41.07,8.04,3.5,0.0,61.2,injection_molder,day,C,,line_1,1
COMP-0345,80.64,6.025,2.482,46.52,8.509,9.7,55.3,37.8,injection_molder,evening,A,north,line_2,1
COMP-0346,,3.816,3.251,38.38,7.781,0.0,0.0,39.4,injection_molder,day,B,west,line_2,0
COMP-0347,89.0,4.344,2.61,59.78,8.077,0.0,0.0,52.8,laser_cutter,day,A,north,line_3,0
COMP-0348,79.34,5.215,0.843,49.88,7.078,,19.1,63.6,stamping_press,night,,south,line_2,0
COMP-0349,78.08,8.429,2.833,36.93,7.923,6.4,3.0,32.5,injection_molder,night,A,west,line_3,1
COMP-0350,83.24,5.361,,45.95,7.77,7.6,19.4,47.0,stamping_press,day,B,west,line_1,0
COMP-0351,95.67,6.928,3.628,46.24,8.415,3.8,18.9,46.3,injection_molder,day,A,south,line_1,1
COMP-0352,77.05,6.447,0.7,57.15,7.53,2.3,17.1,56.3,stamping_press,day,C,east,line_1,0
COMP-0353,73.64,5.442,1.168,39.0,7.679,6.0,7.4,49.9,cnc_mill,night,B,south,line_1,0
COMP-0354,93.1,3.813,1.038,52.67,8.329,4.2,26.5,41.8,cnc_mill,night,B,east,line_1,1
COMP-0355,86.61,6.272,1.351,45.42,7.754,12.2,15.2,68.7,cnc_mill,day,C,north,line_2,0
COMP-0356,71.15,3.202,2.313,59.92,7.246,4.7,36.6,41.9,,night,C,north,line_1,1
COMP-0357,75.06,6.921,1.907,57.91,9.076,5.8,17.3,45.6,injection_molder,day,,east,line_2,0
COMP-0358,77.34,5.24,1.908,46.97,7.261,15.9,5.5,26.1,injection_molder,day,A,north,line_2,0
COMP-0359,79.34,1.82,0.547,42.38,7.768,5.2,0.0,39.3,cnc_mill,night,A,east,line_2,0
COMP-0360,58.72,4.591,1.135,50.07,7.973,8.2,17.4,57.7,injection_molder,day,A,south,line_2,0
COMP-0361,56.49,5.785,3.799,43.2,7.934,8.6,1.0,54.8,laser_cutter,day,B,west,line_1,0
COMP-0362,64.35,4.716,3.492,61.8,7.705,8.9,0.0,59.0,stamping_press,day,C,west,line_1,1
COMP-0363,63.42,5.858,,45.78,7.708,7.2,27.9,58.3,stamping_press,evening,C,south,line_2,0
COMP-0364,67.27,3.98,2.838,40.94,7.683,6.8,0.0,81.3,stamping_press,night,B,east,line_2,0
COMP-0365,82.62,3.433,2.175,40.4,7.242,6.4,41.2,38.8,injection_molder,night,B,north,line_1,1
COMP-0366,72.97,4.914,3.042,32.87,8.875,3.7,22.4,25.7,cnc_mill,day,C,south,line_1,0
COMP-0367,77.36,5.038,2.919,50.57,7.69,7.3,19.3,34.2,injection_molder,day,C,north,line_2,1
COMP-0368,60.31,4.582,1.712,36.8,8.098,14.1,,39.4,injection_molder,night,A,,line_2,0
COMP-0369,69.46,6.473,2.493,55.98,7.633,10.8,31.5,35.4,cnc_mill,day,B,west,line_1,0
COMP-0370,82.05,3.98,2.272,32.07,7.623,7.2,20.0,51.4,laser_cutter,night,C,west,line_2,1
COMP-0371,82.14,5.376,1.744,46.27,7.572,9.4,9.7,68.8,injection_molder,evening,A,west,line_3,0
COMP-0372,66.31,5.082,1.488,56.5,7.025,2.5,23.0,73.1,stamping_press,day,A,west,line_1,0
COMP-0373,76.94,3.132,4.802,23.48,7.72,5.0,0.0,57.6,cnc_mill,night,C,north,line_3,1
COMP-0374,101.39,3.417,1.746,65.18,7.596,9.8,,82.1,cnc_mill,day,C,west,line_1,1
COMP-0375,74.79,5.014,2.724,40.75,8.386,11.9,3.2,44.7,stamping_press,day,C,east,line_2,0
COMP-0376,66.68,7.377,4.574,46.41,7.202,,25.2,25.5,stamping_press,evening,B,south,line_2,1
COMP-0377,72.91,5.695,2.49,50.71,7.511,4.1,20.0,65.8,laser_cutter,evening,A,east,line_1,0
COMP-0378,76.11,2.929,2.417,52.26,7.351,,35.7,22.4,cnc_mill,evening,A,south,line_3,0
COMP-0379,73.19,1.267,1.753,47.74,8.521,6.4,6.2,38.7,cnc_mill,evening,B,north,line_2,0
COMP-0380,74.62,5.88,2.299,54.97,7.365,13.3,28.6,57.8,injection_molder,night,B,north,line_3,0
COMP-0381,57.68,4.885,,50.19,8.081,6.8,18.3,48.5,cnc_mill,night,B,north,line_1,0
COMP-0382,63.45,6.37,7.703,62.61,8.285,,5.9,47.1,laser_cutter,evening,B,south,line_3,0
COMP-0383,73.21,3.943,0.558,50.22,7.727,4.8,25.8,32.3,injection_molder,day,A,west,line_3,0
COMP-0384,73.02,5.42,1.556,64.65,7.112,9.8,19.0,49.8,cnc_mill,evening,B,east,line_2,0
COMP-0385,68.21,6.015,2.517,54.01,7.118,11.4,10.6,65.1,cnc_mill,night,A,south,line_1,0
COMP-0386,72.88,4.463,2.418,26.94,8.23,1.9,20.6,50.3,laser_cutter,day,A,south,line_2,0
COMP-0387,75.73,4.489,1.397,71.11,7.17,4.6,18.1,37.5,injection_molder,evening,A,,line_2,0
COMP-0388,85.67,5.03,,39.26,7.996,9.7,17.7,31.3,,day,A,north,line_3,0
COMP-0389,73.81,5.651,0.644,59.96,7.857,5.5,13.8,37.9,stamping_press,day,C,west,line_2,0
COMP-0390,79.79,4.983,,45.27,7.989,4.0,0.4,55.9,laser_cutter,evening,A,north,line_1,0
COMP-0391,68.5,6.169,0.281,55.61,8.036,10.0,21.1,55.2,injection_molder,day,A,,line_1,0
COMP-0392,81.87,4.446,2.635,38.12,7.333,10.4,8.0,38.0,stamping_press,night,B,east,line_2,0
COMP-0393,79.51,3.406,3.681,51.26,7.312,4.2,4.7,16.8,injection_molder,night,B,east,line_3,0
COMP-0394,85.39,7.372,2.945,42.47,8.157,6.8,16.4,56.3,injection_molder,night,A,west,line_1,1
COMP-0395,83.56,4.274,3.328,60.79,7.485,1.2,31.0,36.5,stamping_press,day,A,north,line_2,1
COMP-0396,82.06,4.318,0.293,49.39,6.425,2.4,22.8,60.3,,day,A,west,line_3,0
COMP-0397,73.82,4.921,,54.36,8.124,6.5,12.0,38.7,laser_cutter,evening,B,east,line_1,0
COMP-0398,77.94,5.081,0.79,23.36,7.282,6.1,11.4,35.2,stamping_press,night,A,east,line_1,0
COMP-0399,87.76,4.536,0.454,44.14,8.034,2.1,29.5,52.3,cnc_mill,evening,A,east,line_2,0
COMP-0400,67.18,4.979,1.225,49.11,8.496,3.1,0.0,85.4,cnc_mill,night,A,west,line_2,0
COMP-0401,67.46,4.952,4.503,47.24,7.808,1.7,32.0,61.2,cnc_mill,day,B,west,line_1,1
COMP-0402,77.18,5.21,5.287,54.61,8.298,7.8,0.0,52.0,laser_cutter,night,A,south,line_3,1
COMP-0403,79.98,2.171,0.877,41.34,7.877,0.0,0.0,55.4,injection_molder,day,C,west,line_2,0
COMP-0404,65.11,7.257,1.833,45.49,8.594,2.0,12.3,23.7,stamping_press,day,A,east,line_3,0
COMP-0405,74.1,4.823,2.277,56.81,7.269,0.0,,33.2,laser_cutter,evening,B,south,line_3,1
COMP-0406,73.87,5.697,1.446,22.21,7.796,7.7,45.2,12.3,laser_cutter,day,A,west,line_3,0
COMP-0407,48.42,3.346,3.849,50.89,8.137,0.0,30.6,75.9,stamping_press,day,A,south,line_2,0
COMP-0408,72.36,4.435,,41.66,7.705,6.1,25.3,72.9,laser_cutter,day,A,east,line_1,0
COMP-0409,73.11,4.193,1.087,35.88,8.376,12.6,0.0,55.9,stamping_press,day,C,north,line_2,0
COMP-0410,73.08,6.764,0.916,48.37,7.584,12.7,22.4,52.0,,night,C,north,line_1,0
COMP-0411,91.99,4.297,,57.27,8.835,0.0,11.8,26.7,injection_molder,day,A,west,line_2,0
COMP-0412,60.41,5.91,,55.39,8.861,7.2,7.7,46.7,injection_molder,evening,,south,line_1,0
COMP-0413,65.1,4.219,1.489,43.65,7.941,,,76.9,stamping_press,night,C,south,line_2,0
COMP-0414,43.65,4.457,1.912,53.76,8.076,1.2,12.9,52.0,,day,,north,line_1,0
COMP-0415,69.23,4.705,1.997,53.68,8.396,5.5,33.0,41.5,,day,A,south,line_1,0
COMP-0416,70.25,6.541,0.75,44.13,7.206,10.9,0.0,23.6,stamping_press,night,A,west,line_1,0
COMP-0417,68.88,2.732,1.971,38.07,7.144,8.4,21.1,70.7,stamping_press,night,B,west,line_2,0
COMP-0418,88.29,3.421,1.942,38.65,8.428,3.1,6.8,48.9,injection_molder,evening,B,north,line_3,1
COMP-0419,85.33,2.663,1.972,53.38,7.937,8.8,13.9,23.6,stamping_press,night,,east,line_1,1
COMP-0420,75.93,3.695,2.982,44.58,7.687,0.0,24.6,36.1,laser_cutter,day,C,south,line_3,1
COMP-0421,70.55,4.026,0.724,34.54,7.806,3.0,3.2,30.8,injection_molder,day,B,east,line_3,0
COMP-0422,87.31,3.063,1.459,28.15,6.607,2.7,22.5,48.0,,evening,A,south,line_1,0
COMP-0423,74.76,4.119,0.362,53.32,7.705,6.3,16.8,53.1,stamping_press,day,B,south,line_2,0
COMP-0424,65.18,2.582,2.804,39.53,7.423,5.2,10.1,42.5,stamping_press,night,A,south,line_2,0
COMP-0425,54.41,3.778,0.823,48.3,8.259,5.4,12.9,61.7,injection_molder,evening,A,east,line_1,0
COMP-0426,69.7,6.441,3.284,57.4,8.298,5.3,17.7,51.2,injection_molder,night,A,,line_2,0
COMP-0427,84.06,5.484,3.358,31.91,8.088,6.1,8.5,65.9,stamping_press,evening,A,south,line_1,0
COMP-0428,102.32,5.225,1.565,44.55,7.998,8.2,20.1,44.6,laser_cutter,day,B,west,line_3,0
COMP-0429,75.74,3.797,1.506,43.29,7.051,6.6,15.8,95.0,stamping_press,day,A,east,line_3,0
COMP-0430,65.82,3.157,,48.8,8.095,4.9,10.8,41.5,injection_molder,day,A,south,line_3,0
COMP-0431,60.78,3.633,1.792,57.39,8.115,7.6,43.8,36.5,laser_cutter,night,B,west,line_2,0
COMP-0432,81.62,4.948,2.965,31.71,8.423,9.3,26.2,34.6,,day,B,west,line_2,0
COMP-0433,53.82,6.042,2.143,50.7,8.859,3.8,14.3,46.8,injection_molder,day,B,north,line_3,0
COMP-0434,81.6,6.083,4.145,55.32,6.954,5.8,,24.2,laser_cutter,day,,east,line_1,1
COMP-0435,84.81,5.757,1.336,43.14,7.606,10.6,4.6,54.4,stamping_press,day,B,north,line_1,0
COMP-0436,80.24,4.115,1.334,43.63,7.429,,,21.4,stamping_press,night,A,east,line_2,0
COMP-0437,72.36,5.029,0.87,49.18,7.886,13.2,15.2,52.4,stamping_press,day,B,north,line_1,0
COMP-0438,81.78,4.614,5.905,48.45,7.807,0.6,1.3,29.7,cnc_mill,night,B,east,line_1,1
COMP-0439,77.05,4.759,,50.82,7.683,4.6,25.8,44.3,injection_molder,day,A,north,line_1,0
COMP-0440,65.66,7.445,2.827,50.61,8.314,2.2,12.4,59.1,injection_molder,evening,A,south,line_2,0
COMP-0441,97.2,2.886,,35.18,7.249,14.8,14.7,84.6,laser_cutter,day,A,west,line_1,0
COMP-0442,70.78,4.718,2.922,54.9,7.279,4.0,11.5,33.8,stamping_press,day,B,south,line_1,1
COMP-0443,84.31,6.454,0.931,56.67,7.288,4.0,64.4,47.7,,night,A,west,line_1,1
COMP-0444,45.98,3.241,1.564,46.86,7.62,4.5,10.1,39.1,stamping_press,night,A,west,line_1,0
COMP-0445,90.32,4.228,2.565,30.06,7.186,6.4,0.0,37.0,stamping_press,night,C,west,line_3,1
COMP-0446,92.63,4.365,1.103,43.85,7.776,4.7,0.0,39.3,injection_molder,day,C,north,line_1,1
COMP-0447,75.36,4.732,1.409,46.94,7.717,5.5,31.4,62.4,laser_cutter,day,,west,line_2,0
COMP-0448,81.71,3.085,1.118,33.55,7.407,0.0,40.0,42.7,injection_molder,evening,C,north,line_3,0
COMP-0449,81.7,5.714,1.879,41.4,8.237,,9.8,83.7,stamping_press,day,A,south,line_1,0
COMP-0450,67.29,5.8,1.793,30.91,7.77,6.1,39.2,56.2,injection_molder,evening,C,west,line_3,0
COMP-0451,81.57,5.61,4.618,51.07,8.331,10.2,31.1,34.8,stamping_press,evening,C,east,line_2,1
COMP-0452,65.3,3.956,,46.66,7.702,11.2,17.2,44.5,laser_cutter,evening,A,south,line_2,0
COMP-0453,67.69,5.104,0.624,28.54,7.788,5.2,16.1,38.0,injection_molder,night,B,south,line_1,0
COMP-0454,88.52,3.921,0.669,48.51,7.519,9.3,22.7,62.0,stamping_press,evening,C,west,line_1,1
COMP-0455,,4.601,2.86,44.43,7.796,1.6,33.2,25.4,stamping_press,day,C,east,line_3,0
COMP-0456,66.52,7.584,1.78,50.16,8.156,9.1,26.0,29.9,stamping_press,day,C,south,line_3,1
COMP-0457,66.2,5.115,5.687,41.08,7.594,3.7,9.8,41.1,laser_cutter,evening,B,west,line_3,0
COMP-0458,67.25,3.575,5.677,36.99,8.059,1.3,17.4,60.2,cnc_mill,evening,A,north,line_3,1
COMP-0459,83.79,5.216,0.866,37.29,7.394,5.3,49.7,68.5,,day,C,north,line_1,1
COMP-0460,63.0,3.378,2.166,39.62,8.18,11.6,23.8,70.7,injection_molder,day,B,east,line_3,0
COMP-0461,79.28,3.561,0.676,45.19,7.51,6.7,33.0,57.9,cnc_mill,night,B,west,line_2,0
COMP-0462,83.96,3.751,2.829,46.48,8.226,12.0,28.1,48.8,,night,A,north,line_3,0
COMP-0463,73.94,4.467,,43.09,7.83,3.0,24.1,61.9,laser_cutter,evening,B,north,line_1,1
COMP-0464,87.12,6.124,1.964,40.77,8.56,10.2,21.6,32.8,cnc_mill,day,A,north,line_1,0
COMP-0465,71.35,5.694,1.301,41.49,7.223,3.4,33.5,22.3,cnc_mill,day,B,west,line_3,0
COMP-0466,72.43,5.628,2.318,70.08,7.062,6.9,30.8,56.5,injection_molder,evening,A,north,line_3,0
COMP-0467,63.27,3.681,3.217,37.29,7.492,6.9,24.0,34.9,injection_molder,day,B,south,line_2,0
COMP-0468,87.21,4.35,3.231,39.42,7.108,8.6,9.6,49.0,laser_cutter,evening,C,west,line_1,0
COMP-0469,65.8,5.326,1.312,77.94,7.109,7.0,25.8,51.8,stamping_press,evening,B,north,line_1,0
COMP-0470,79.2,4.246,1.081,49.21,8.111,3.0,19.0,53.7,cnc_mill,day,B,east,line_3,0
COMP-0471,74.14,4.666,2.087,31.2,7.798,9.5,15.4,64.1,cnc_mill,day,A,south,line_2,0
COMP-0472,62.37,5.53,1.378,53.43,7.56,12.9,,62.5,cnc_mill,day,C,west,line_2,1
COMP-0473,67.69,4.581,3.85,35.9,7.607,3.7,0.0,52.9,,night,B,south,line_2,1
COMP-0474,91.59,5.271,1.366,54.09,7.501,0.0,34.4,43.4,stamping_press,evening,A,south,line_2,0
COMP-0475,77.42,6.911,1.866,42.89,8.625,8.0,7.1,51.6,stamping_press,day,A,north,line_2,0
COMP-0476,62.89,4.794,2.279,40.6,7.432,4.7,22.0,41.1,cnc_mill,night,A,east,line_2,0
COMP-0477,78.66,6.415,0.527,61.09,7.139,5.5,58.5,47.1,cnc_mill,evening,B,east,line_3,0
COMP-0478,73.25,5.671,1.153,50.66,8.198,8.2,5.6,89.3,injection_molder,evening,C,north,line_3,0
COMP-0479,116.45,3.239,5.53,54.73,7.692,4.2,9.1,52.7,injection_molder,night,B,south,line_3,1
COMP-0480,78.42,3.677,3.129,49.35,8.819,4.9,19.7,56.8,cnc_mill,day,A,west,line_2,0
COMP-0481,70.43,4.0,1.352,40.56,7.537,5.6,7.3,39.4,cnc_mill,day,C,north,line_2,0
COMP-0482,92.04,3.974,2.836,51.11,8.223,11.9,33.3,65.3,stamping_press,evening,A,north,line_2,1
COMP-0483,52.91,4.892,3.809,57.09,8.341,,12.0,61.4,injection_molder,day,C,east,line_3,0
COMP-0484,76.13,5.738,1.512,46.35,7.539,1.1,29.8,61.5,cnc_mill,evening,A,south,line_2,0
COMP-0485,98.93,6.506,3.033,63.02,7.429,1.2,0.1,53.2,stamping_press,day,B,north,line_2,1
COMP-0486,73.61,5.37,2.757,53.5,8.171,6.6,0.0,65.5,cnc_mill,day,C,south,line_2,0
COMP-0487,54.2,4.465,0.686,47.12,8.087,1.5,16.6,69.1,cnc_mill,day,A,north,line_2,0
COMP-0488,70.25,2.501,1.518,47.51,7.095,0.0,0.0,54.2,stamping_press,day,B,south,line_2,0
COMP-0489,92.45,5.085,4.695,46.37,7.236,8.5,42.8,48.3,cnc_mill,day,C,east,line_1,1
COMP-0490,79.51,5.031,5.432,32.49,6.532,8.7,0.0,63.4,cnc_mill,day,A,east,line_2,0
COMP-0491,64.93,5.22,3.146,44.1,8.098,4.5,4.4,36.4,injection_molder,night,A,north,line_2,0
COMP-0492,66.78,7.527,1.123,47.21,7.669,7.2,26.2,39.2,injection_molder,day,B,west,line_1,0
COMP-0493,68.28,6.489,0.207,40.84,7.719,6.8,11.2,49.2,injection_molder,day,A,north,line_3,0
COMP-0494,79.33,5.942,1.008,48.38,6.954,8.4,0.0,23.9,cnc_mill,day,A,east,line_2,0
COMP-0495,91.06,3.846,0.607,45.21,7.251,8.4,50.6,62.4,injection_molder,day,B,south,line_1,0
COMP-0496,87.63,4.384,4.915,52.74,7.561,0.0,5.0,35.6,,day,B,east,line_3,0
COMP-0497,80.47,4.886,0.354,51.63,7.464,5.0,17.1,42.9,cnc_mill,evening,A,north,line_2,0
COMP-0498,59.02,4.07,0.702,46.67,7.859,8.1,16.9,46.8,injection_molder,day,,,line_3,0
COMP-0499,59.06,5.601,2.058,31.33,8.092,4.4,30.7,50.6,cnc_mill,night,C,south,line_1,0
COMP-0500,81.4,5.428,1.771,62.91,8.935,6.1,26.9,44.8,cnc_mill,night,B,north,line_3,0
COMP-0501,,3.694,4.549,43.58,7.79,9.0,7.6,49.0,,day,C,north,line_2,1
COMP-0502,72.29,6.436,2.646,44.19,8.358,6.3,15.1,49.1,laser_cutter,day,A,east,line_2,0
COMP-0503,78.65,5.123,1.599,41.57,7.385,12.0,16.6,43.3,laser_cutter,day,C,west,line_1,0
COMP-0504,61.35,2.925,3.895,40.12,6.963,,31.2,38.4,cnc_mill,evening,B,north,line_2,0
COMP-0505,62.71,4.938,1.323,60.44,7.624,5.5,2.5,66.2,cnc_mill,day,A,west,line_2,0
COMP-0506,73.87,5.337,4.785,58.86,7.001,5.2,50.3,18.4,injection_molder,night,C,east,line_2,1
COMP-0507,81.04,6.167,0.902,49.44,7.807,0.0,8.6,46.9,cnc_mill,night,B,west,line_2,0
COMP-0508,87.74,4.595,1.725,43.92,7.41,4.7,19.9,43.0,laser_cutter,night,A,east,line_3,0
COMP-0509,82.28,5.994,0.245,51.19,6.823,0.6,,56.3,cnc_mill,evening,A,east,line_2,0
COMP-0510,75.88,5.225,3.252,45.74,8.668,6.9,0.5,28.2,stamping_press,night,B,south,line_1,0
COMP-0511,66.05,3.422,1.978,43.1,7.531,6.6,6.9,42.5,stamping_press,day,A,east,line_3,0
COMP-0512,62.15,3.302,4.793,48.38,6.981,8.8,5.4,48.5,laser_cutter,day,A,west,line_2,0
COMP-0513,68.87,6.347,1.478,40.59,8.249,11.6,13.8,66.1,stamping_press,day,A,north,line_3,0
COMP-0514,79.92,6.435,0.52,47.52,7.436,5.9,5.3,55.0,stamping_press,night,A,south,line_3,0
COMP-0515,79.04,5.387,2.423,47.04,8.345,,30.4,32.2,cnc_mill,evening,A,north,line_3,0
COMP-0516,49.8,6.795,1.18,51.03,7.433,6.9,8.3,42.7,,night,B,west,line_3,0
COMP-0517,65.57,6.268,2.954,38.81,7.53,0.8,6.6,63.3,cnc_mill,day,A,south,line_2,0
COMP-0518,89.45,5.82,,52.1,7.972,3.8,14.1,32.0,injection_molder,night,A,east,line_1,0
COMP-0519,75.95,3.906,4.26,35.94,8.097,4.5,34.9,48.8,stamping_press,evening,B,west,line_2,1
COMP-0520,58.0,7.078,1.865,39.27,8.184,8.4,23.2,49.9,laser_cutter,evening,A,west,line_3,0
COMP-0521,103.27,5.644,1.604,39.71,7.755,2.2,18.5,44.2,laser_cutter,night,B,north,line_2,1
COMP-0522,74.65,4.537,4.08,34.28,8.064,4.8,0.0,90.4,cnc_mill,day,A,east,line_3,0
COMP-0523,79.61,4.198,3.284,55.16,8.173,5.4,2.9,43.8,stamping_press,day,A,west,line_1,0
COMP-0524,79.79,5.308,1.022,35.31,7.9,4.2,0.8,56.7,injection_molder,evening,A,north,line_1,0
COMP-0525,70.59,2.995,3.222,38.01,7.729,9.2,39.6,38.5,stamping_press,day,B,east,line_2,0
COMP-0526,66.27,5.84,2.801,57.55,7.077,8.6,28.0,57.9,cnc_mill,day,A,south,line_2,0
COMP-0527,100.46,3.856,1.67,39.29,8.1,10.7,,63.1,laser_cutter,day,C,east,line_1,0
COMP-0528,87.04,5.445,3.055,43.12,7.821,4.7,11.5,41.2,,day,A,south,line_1,0
COMP-0529,84.86,4.374,,34.88,7.593,10.8,7.6,49.2,injection_molder,night,B,north,line_3,0
COMP-0530,81.92,4.683,1.705,53.33,8.439,0.5,6.7,36.6,cnc_mill,evening,B,north,line_2,0
COMP-0531,62.96,4.092,1.71,53.47,7.086,0.4,26.9,32.8,injection_molder,day,A,north,line_1,0
COMP-0532,90.33,4.807,1.643,52.39,8.622,1.1,15.7,65.6,injection_molder,day,,north,line_1,0
COMP-0533,64.88,7.267,0.99,50.38,7.789,6.0,51.2,41.7,cnc_mill,day,A,east,line_2,0
COMP-0534,78.4,6.662,1.693,45.74,7.959,10.8,38.8,13.8,injection_molder,evening,A,south,line_1,1
COMP-0535,55.33,5.425,1.56,39.76,7.602,3.6,39.6,76.5,stamping_press,night,A,north,line_2,0
COMP-0536,50.51,4.97,1.495,36.85,6.966,4.1,30.1,38.0,stamping_press,night,B,east,line_3,0
COMP-0537,78.82,6.013,1.478,57.9,7.73,5.1,13.7,46.3,cnc_mill,day,C,east,line_1,0
COMP-0538,65.29,6.356,0.7,52.65,7.967,8.3,,74.6,stamping_press,day,A,south,line_2,0
COMP-0539,51.13,4.004,3.499,38.07,8.138,4.1,14.8,47.9,stamping_press,evening,B,west,line_1,0
COMP-0540,81.49,4.907,1.152,45.4,7.701,3.9,44.5,47.5,,evening,B,south,line_1,0
COMP-0541,,2.814,,42.0,6.704,0.6,26.1,31.6,laser_cutter,evening,A,west,line_3,0
COMP-0542,91.67,6.348,0.834,33.72,7.029,3.7,23.9,25.5,cnc_mill,evening,B,north,line_2,0
COMP-0543,71.91,7.478,5.043,46.78,8.826,10.7,21.9,47.5,laser_cutter,evening,B,east,line_3,1
COMP-0544,75.11,5.096,1.372,40.85,7.254,6.4,46.1,55.4,laser_cutter,day,C,west,line_1,1
COMP-0545,85.65,2.45,3.248,35.47,8.514,3.0,,54.6,stamping_press,day,C,west,line_1,1
COMP-0546,88.47,5.731,1.965,30.21,7.333,10.9,47.6,42.8,cnc_mill,day,A,east,line_2,0
COMP-0547,70.88,3.915,0.619,29.36,7.709,3.7,17.2,50.3,cnc_mill,day,A,east,line_2,0
COMP-0548,75.41,4.204,0.649,41.29,8.113,11.7,0.0,22.4,stamping_press,day,B,south,line_3,0
COMP-0549,78.61,5.752,1.078,44.15,7.39,,8.7,56.9,injection_molder,evening,A,east,line_1,0
COMP-0550,81.65,5.305,1.314,36.25,8.596,6.2,0.0,52.4,cnc_mill,day,A,east,line_3,0
COMP-0551,73.4,4.414,1.744,51.51,7.838,0.0,29.8,79.6,cnc_mill,day,C,west,line_3,0
COMP-0552,73.56,4.22,2.264,44.34,8.03,15.2,4.4,50.1,stamping_press,evening,A,south,line_2,0
COMP-0553,91.56,5.151,1.584,50.77,7.666,7.5,22.5,35.9,stamping_press,night,B,north,line_1,1
COMP-0554,89.51,4.509,2.182,43.17,8.129,4.7,37.0,49.2,laser_cutter,day,C,east,line_2,1
COMP-0555,80.73,3.669,2.43,37.13,8.589,9.8,9.9,45.1,stamping_press,night,A,north,line_1,0
COMP-0556,95.63,4.601,1.534,46.14,7.734,8.8,16.0,56.5,stamping_press,night,B,north,line_3,1
COMP-0557,70.36,5.408,2.77,32.37,8.665,11.2,0.4,50.4,stamping_press,evening,C,south,line_2,0
COMP-0558,94.48,4.786,3.187,50.39,7.494,3.4,,31.1,cnc_mill,evening,B,,line_3,0
COMP-0559,81.51,3.304,2.472,35.63,8.182,7.3,,25.5,injection_molder,day,A,north,line_2,0
COMP-0560,114.25,6.187,2.567,54.18,8.045,1.3,,53.9,cnc_mill,night,,north,line_2,1
COMP-0561,60.69,1.713,2.051,41.62,7.266,8.7,16.0,70.7,stamping_press,day,C,north,line_2,0
COMP-0562,66.73,4.464,3.698,55.63,7.907,5.9,10.8,51.2,stamping_press,night,A,west,line_2,0
COMP-0563,80.03,4.256,1.773,33.77,7.804,7.1,19.4,62.2,laser_cutter,evening,B,east,line_3,0
COMP-0564,79.77,5.178,1.094,38.22,7.373,5.4,22.0,65.2,injection_molder,day,A,north,line_1,0
COMP-0565,98.4,5.674,1.81,48.81,7.979,5.0,13.7,54.0,injection_molder,day,A,north,line_3,1
COMP-0566,66.98,6.352,0.629,56.7,7.873,2.5,28.0,37.8,injection_molder,evening,C,east,line_3,0
COMP-0567,85.86,4.145,0.563,61.67,7.764,9.2,,52.9,injection_molder,evening,B,north,line_3,0
COMP-0568,88.95,5.704,3.197,45.41,7.766,12.0,5.6,68.1,stamping_press,day,C,east,line_2,1
COMP-0569,83.46,5.235,4.446,63.38,7.755,3.8,25.6,57.9,cnc_mill,evening,A,south,line_3,1
COMP-0570,63.47,2.946,1.404,42.1,7.616,8.2,2.5,61.2,cnc_mill,night,B,west,line_1,0
COMP-0571,91.89,7.281,3.216,55.99,7.87,7.7,30.9,43.1,cnc_mill,evening,C,north,line_3,1
COMP-0572,89.75,3.273,0.311,35.58,7.478,6.0,,47.0,laser_cutter,evening,A,east,line_1,0
COMP-0573,82.2,5.503,2.478,49.2,9.128,0.0,0.0,48.2,cnc_mill,day,A,north,line_1,0
COMP-0574,77.45,5.468,1.778,21.58,7.095,0.8,21.6,49.2,injection_molder,night,C,west,line_2,1
COMP-0575,77.71,5.331,4.909,33.78,7.508,2.9,,67.5,laser_cutter,day,A,west,line_1,0
COMP-0576,74.06,4.407,1.605,49.67,7.547,0.0,30.4,14.8,cnc_mill,night,B,east,line_1,0
COMP-0577,82.69,5.993,0.784,31.88,8.82,11.6,16.3,50.5,laser_cutter,day,C,south,line_3,0
COMP-0578,75.37,3.128,0.495,49.27,7.14,7.5,47.8,48.8,injection_molder,evening,A,north,line_1,0
COMP-0579,64.82,4.921,1.809,54.06,8.013,5.9,36.1,29.4,laser_cutter,day,A,west,line_2,0
COMP-0580,62.42,4.323,2.048,39.99,7.924,0.0,4.1,60.1,cnc_mill,day,A,east,line_1,0
COMP-0581,65.98,4.187,1.535,35.31,7.967,0.0,0.0,39.1,cnc_mill,night,A,north,line_3,0
COMP-0582,77.67,5.514,3.263,40.26,8.418,6.0,,44.6,cnc_mill,evening,A,south,line_3,0
COMP-0583,74.68,6.293,4.144,35.34,8.408,13.9,1.7,77.7,stamping_press,evening,B,south,line_2,0
COMP-0584,77.58,4.588,1.393,43.99,7.575,3.2,47.4,65.1,cnc_mill,night,A,west,line_2,1
COMP-0585,81.01,5.937,0.372,46.02,7.897,9.5,19.8,58.6,,night,B,,line_3,0
COMP-0586,67.47,5.06,2.191,41.94,6.868,4.1,34.0,55.7,injection_molder,night,A,east,line_3,0
COMP-0587,92.59,3.929,3.745,61.74,7.85,,15.7,47.5,stamping_press,day,A,east,line_1,0
COMP-0588,71.79,4.69,1.397,37.81,7.403,10.9,17.3,80.0,cnc_mill,evening,A,north,line_2,0
COMP-0589,69.8,4.641,2.567,58.91,7.707,4.6,19.5,62.0,stamping_press,night,B,,line_3,0
COMP-0590,80.79,4.164,0.736,34.59,6.957,3.2,36.6,38.8,,day,B,north,line_1,0
COMP-0591,52.96,5.514,2.155,45.73,8.002,11.7,24.7,29.0,laser_cutter,day,A,east,line_3,0
COMP-0592,,5.282,2.599,56.83,6.952,6.2,4.1,58.5,cnc_mill,night,C,south,line_1,1
COMP-0593,86.77,3.091,2.196,56.31,7.874,10.4,44.3,49.2,cnc_mill,evening,B,south,line_3,0
COMP-0594,54.15,3.018,5.728,40.8,7.187,3.3,15.6,28.6,injection_molder,evening,A,north,line_1,0
COMP-0595,88.41,5.51,4.412,50.55,7.375,11.6,13.2,56.4,stamping_press,night,C,north,line_1,1
COMP-0596,,4.022,2.881,49.21,8.377,7.1,0.0,46.0,stamping_press,evening,A,east,line_3,0
COMP-0597,70.57,5.362,3.522,39.6,8.094,7.7,29.5,58.0,injection_molder,day,A,north,line_3,0
COMP-0598,78.5,5.937,2.145,51.16,8.375,6.5,21.5,56.6,injection_molder,day,,,line_3,0
COMP-0599,88.43,3.475,1.723,63.62,8.58,4.0,21.5,40.9,,day,A,east,line_3,0
COMP-0600,69.4,3.306,1.289,49.72,7.414,6.0,14.0,59.5,injection_molder,day,A,south,line_2,0
